Name,Category,Preview URL (Cover Image),Price (Credits),Description,Prompt,Negative Prompt
Cyberpunk City,Fantasy & Sci-Fi,https://images.unsplash.com/photo-1540959733332-eab4deabeeaf,15,Transform photo into a futuristic cyberpunk metropolis with neon lights and holograms.,"Ultra detailed cyberpunk city, neon lights, futuristic skyscrapers, cinematic lighting, rain reflections, high detail, 8k, masterpiece, vibrant colors","blurry, low quality, distorted face, extra limbs, watermark, text, jpeg artifacts"
Medieval Knight,Fantasy & Sci-Fi,https://images.unsplash.com/photo-1518562180175-34a163b1a9a6,15,Turn portrait into a heroic medieval knight.,"Medieval knight armor, epic fantasy castle, cinematic sunlight, realistic metal textures, ultra detailed, 8k, masterpiece","ugly, blurry, low resolution, cartoon, extra fingers, watermark"
Space Explorer,Fantasy & Sci-Fi,https://images.unsplash.com/photo-1446776811953-b23d57bd21aa,20,Create an astronaut portrait in deep space.,"Astronaut suit, distant galaxies, cinematic space scene, realistic lighting, ultra detailed, 8k, science fiction masterpiece","blurry, low quality, noise, watermark, cropped, deformed"
Anime Hero,Anime,https://images.unsplash.com/photo-1515879218367-8466d910aaa4,10,Convert portrait into anime protagonist style.,"Anime hero, vibrant colors, detailed anime art, studio quality, expressive eyes, clean lines, masterpiece","realistic, blurry, low quality, bad anatomy, watermark"
Samurai Warrior,Anime,https://images.unsplash.com/photo-1521295121783-8a321d551ad2,12,Become a legendary samurai warrior.,"Epic samurai armor, Japanese temple background, dramatic lighting, ultra detailed, anime realism, masterpiece","low quality, blurry, extra limbs, distorted anatomy"
Disney Style,Cartoon,https://images.unsplash.com/photo-1500530855697-b586d89ba3ee,10,Transform into a modern animated movie character.,"Disney inspired character, colorful cinematic animation, expressive face, high detail, family friendly","realistic skin, blurry, low quality, watermark"
Pixar Character,Cartoon,https://images.unsplash.com/photo-1494790108377-be9c29b29330,10,Create a Pixar-inspired animated portrait.,"Pixar style 3D animated character, cinematic lighting, cute expression, highly detailed","blurry, low quality, creepy, deformed face, watermark"
Business Executive,Professional,https://images.unsplash.com/photo-1500648767791-00dcc994a43e,8,Professional corporate headshot.,"Professional business executive portrait, studio lighting, clean background, realistic photography, LinkedIn style","blurry, low quality, casual clothing, watermark"
Luxury CEO,Professional,https://images.unsplash.com/photo-1506794778202-cad84cf45f1d,12,Premium luxury executive portrait.,"Luxury CEO portrait, expensive office, cinematic lighting, ultra realistic, magazine cover quality","blurry, low quality, noise, watermark"
Fashion Magazine,Fashion,https://images.unsplash.com/photo-1524504388940-b1c1722653e1,15,High-end fashion editorial look.,"Fashion magazine cover, professional photography, luxury clothing, studio lighting, Vogue style","blurry, low quality, bad anatomy, watermark"
Streetwear Model,Fashion,https://images.unsplash.com/photo-1504593811423-6dd665756598,12,Modern streetwear photoshoot.,"Streetwear fashion model, urban background, trendy clothing, realistic photography, ultra detailed","blurry, low quality, watermark, distorted body"
Royal King,Royalty,https://images.unsplash.com/photo-1517841905240-472988babdf9,18,Become a powerful king or queen.,"Royal king portrait, golden crown, palace interior, luxurious atmosphere, masterpiece, ultra detailed","blurry, low quality, deformed face, watermark"
Ancient Egyptian,Historical,https://images.unsplash.com/photo-1539650116574-75c0c6d73f6e,15,Ancient Egyptian ruler transformation.,"Ancient Egypt pharaoh, pyramids, golden jewelry, cinematic desert lighting, realistic details","blurry, low quality, modern objects, watermark"
Viking Warrior,Historical,https://images.unsplash.com/photo-1503023345310-bd7c1de61c7d,15,Epic Viking warrior portrait.,"Viking warrior, snowy mountains, fur armor, dramatic lighting, ultra detailed, cinematic","blurry, low quality, extra limbs, watermark"
Superhero,Entertainment,https://images.unsplash.com/photo-1517423440428-a5a00ad493e8,20,Turn into a cinematic superhero.,"Powerful superhero suit, action pose, dramatic city background, movie poster quality, ultra detailed","blurry, low quality, bad anatomy, watermark"
Movie Poster,Entertainment,https://images.unsplash.com/photo-1485846234645-a62644f84728,18,Create a blockbuster movie poster.,"Hollywood movie poster, cinematic composition, dramatic lighting, epic atmosphere, masterpiece","blurry, low quality, watermark, cropped"
Wedding Portrait,Photography,https://images.unsplash.com/photo-1511285560929-80b456fea0bc,10,Elegant wedding photography style.,"Luxury wedding portrait, soft lighting, beautiful dress, professional photography, ultra realistic","blurry, low quality, noise, watermark"
Fantasy Elf,Fantasy & Sci-Fi,https://images.unsplash.com/photo-1519345182560-3f2917c472ef,15,Transform into a magical elf.,"Fantasy elf character, enchanted forest, glowing magic, cinematic fantasy art, ultra detailed","blurry, low quality, deformed ears, watermark"
Dark Vampire,Fantasy & Sci-Fi,https://images.unsplash.com/photo-1502685104226-ee32379fefbe,15,Dark gothic vampire transformation.,"Elegant vampire lord, gothic castle, moonlight, cinematic atmosphere, ultra detailed","blurry, low quality, cartoon, watermark"
Golden Angel,Fantasy & Sci-Fi,https://images.unsplash.com/photo-1517365830460-955ce3ccd263,15,Become a heavenly angel.,"Golden angel wings, celestial clouds, divine lighting, ultra realistic fantasy art, masterpiece","blurry, low quality, dark scene, watermark"
Cyberpunk Samurai,Fantasy & Sci-Fi,https://images.unsplash.com/photo-1558618666-fcd25c85cd64,18,Blend ancient samurai honor with futuristic cyberpunk aesthetics.,"Cyberpunk samurai warrior, neon katana, rain-soaked neon streets, futuristic Tokyo, glowing battle armor, cinematic lighting, ultra detailed, 8k","blurry, low quality, extra limbs, watermark, bad anatomy"
Space Princess,Fantasy & Sci-Fi,https://images.unsplash.com/photo-1531746020798-e6953c6e8e04,20,Transform into intergalactic royalty among the stars.,"Space princess, cosmic crystal crown, Milky Way backdrop, shimmering celestial gown, starfields, cinematic sci-fi lighting, ultra detailed, masterpiece","blurry, low quality, deformed, watermark, cartoon"
Dragon Rider,Fantasy & Sci-Fi,https://images.unsplash.com/photo-1490730141103-6cac27aaab94,20,Soar through fantasy skies on the back of a mighty dragon.,"Epic dragon rider, soaring above volcanic mountains, fantasy plate armor, fire-breathing dragon, dramatic sky, cinematic fantasy art, ultra detailed, 8k","blurry, low quality, watermark, deformed dragon, bad anatomy"
Wizard Mage,Fantasy & Sci-Fi,https://images.unsplash.com/photo-1507003211169-0a1dd7228f2d,15,Unlock arcane power as an ancient spell-casting mage.,"Ancient wizard mage, glowing staff, swirling spell effects, mystical library, arcane runes floating, dramatic purple lighting, ultra detailed, fantasy masterpiece","blurry, low quality, modern, watermark, bad anatomy"
Time Traveler,Fantasy & Sci-Fi,https://images.unsplash.com/photo-1501139083538-0139583c060f,18,Step between eras as a steampunk time traveler.,"Time traveler steampunk outfit, brass goggles, vintage clockwork portal, swirling time vortex, Victorian atmosphere, cinematic, ultra detailed, masterpiece","blurry, low quality, watermark, modern clothing, casual"
Android Robot,Fantasy & Sci-Fi,https://images.unsplash.com/photo-1485827404703-89b55fcc595e,20,Transform into a hyper-realistic humanoid android.,"Humanoid android portrait, futuristic cybernetic implants, glowing circuit veins, metallic synthetic skin, cinematic sci-fi lighting, ultra realistic","blurry, low quality, cartoon, watermark, deformed"
Alien Commander,Fantasy & Sci-Fi,https://images.unsplash.com/photo-1614728894747-a83421e2b9c9,20,Lead an alien civilization as their supreme commander.,"Alien species commander, bioluminescent facial features, futuristic spacecraft bridge interior, exotic armor, ultra detailed sci-fi portrait, cinematic lighting","blurry, low quality, human face, watermark, cartoon"
Dark Sorcerer,Fantasy & Sci-Fi,https://images.unsplash.com/photo-1478720568477-152d9b164e26,15,Command shadow and darkness as an all-powerful sorcerer.,"Dark sorcerer portrait, shadow magic tendrils, ancient cursed grimoire, dramatic moody purple lighting, skull motifs, ultra detailed fantasy art, masterpiece","blurry, low quality, bright colors, watermark, bad anatomy"
Mermaid Queen,Fantasy & Sci-Fi,https://images.unsplash.com/photo-1544005313-94ddf0286df2,18,Rule the ocean depths as the sovereign mermaid queen.,"Mermaid queen portrait, bioluminescent coral throne, shimmering scales, underwater kingdom, flowing ethereal hair, cinematic underwater lighting, ultra detailed","blurry, low quality, legs visible, watermark, cartoon"
Demon Hunter,Fantasy & Sci-Fi,https://images.unsplash.com/photo-1566492031773-4f4e44671857,15,Track and destroy the supernatural as a fearless demon hunter.,"Demon hunter portrait, battle-scarred leather armor, glowing enchanted weapons, dark atmospheric hellscape, dramatic fire lighting, ultra detailed, masterpiece","blurry, low quality, demons visible, watermark, cartoon"
Steampunk Inventor,Fantasy & Sci-Fi,https://images.unsplash.com/photo-1553361371-9b22f78e8b1d,18,Victorian genius building impossible machines in a steampunk world.,"Steampunk inventor, brass goggles and gears, elaborate cogwheel workshop, Victorian laboratory, warm amber lighting, ultra detailed, cinematic masterpiece","blurry, low quality, modern tech, watermark, bad anatomy"
Galactic Warrior,Fantasy & Sci-Fi,https://images.unsplash.com/photo-1502581827181-9cf350c666b8,20,Elite soldier from the farthest reaches of the galaxy.,"Galactic warrior, advanced exosuit powered armor, alien planet rocky landscape, twin binary moons, cinematic sci-fi lighting, ultra detailed, 8k","blurry, low quality, watermark, deformed armor, cartoon"
Shonen Fighter,Anime,https://images.unsplash.com/photo-1516912481808-3406841bd33c,12,Power up with a battle aura as an anime protagonist.,"Shonen anime fighter, blazing energy aura, dynamic battle stance, speed lines, vibrant colors, expressive face, ultra detailed anime art, masterpiece","realistic, blurry, low quality, watermark, bad anatomy"
Magical Girl,Anime,https://images.unsplash.com/photo-1529626455594-4ff0802cfb7e,12,Transform into a sparkling magical girl warrior.,"Magical girl transformation sequence, sparkles and ribbons, pastel pink and gold palette, ornate wand, sailor uniform, ultra detailed, cute expressive eyes","realistic, blurry, dark colors, watermark, scary"
Anime Villain,Anime,https://images.unsplash.com/photo-1552058544-f2b08422138a,10,Embrace the charisma and menace of the anime antagonist.,"Anime villain portrait, menacing smirk, dark crackling aura, flowing dramatic cape, sharp piercing eyes, ultra detailed anime art, cinematic lighting","realistic, blurry, low quality, watermark, friendly expression"
Mecha Pilot,Anime,https://images.unsplash.com/photo-1563132337-f159f484226c,12,Suit up and pilot a colossal battle mech.,"Mecha pilot flight suit, hi-tech cockpit HUD background, futuristic visor helmet, anime style, ultra detailed, cinematic sci-fi lighting, masterpiece","realistic, blurry, low quality, watermark, bad anatomy"
Ninja Assassin,Anime,https://images.unsplash.com/photo-1542353436-312f0e1f67ff,12,Move like a shadow as an elite anime ninja.,"Anime ninja assassin, black mask and shinobi gear, kunai in hand, moonlit rooftop setting, shadow clone effects, ultra detailed, cinematic","realistic, blurry, low quality, watermark, bright colors"
Demon Slayer,Anime,https://images.unsplash.com/photo-1601814933824-fd0b574dd592,12,Wield a special breathing technique to slay demons.,"Demon slayer corps anime style, Taisho era haori uniform, glowing nichirin blade, flame breath effect, ultra detailed anime art, masterpiece","realistic, blurry, low quality, watermark, modern clothing"
Anime Idol,Anime,https://images.unsplash.com/photo-1524638431109-93d95c968f03,10,Dazzle fans as a sparkling anime pop idol superstar.,"Anime pop idol, colorful holographic stage lights, microphone, sparkling idol costume, confetti, ultra detailed, vibrant colors, J-pop style","realistic, blurry, dark, watermark, scary"
Isekai Hero,Anime,https://images.unsplash.com/photo-1590086782957-93c06ef21604,12,Reincarnated as the chosen hero in a fantasy RPG world.,"Isekai hero anime style, glowing skill status window, fantasy medieval isekai world, leveling up aura, ultra detailed anime art, cinematic","realistic, blurry, low quality, watermark, modern setting"
Dreamworks Hero,Cartoon,https://images.unsplash.com/photo-1535713875002-d1d0cf377fde,10,DreamWorks-style animated adventure hero.,"DreamWorks animation style 3D character, cinematic renders, expressive heroic face, adventure landscape background, high detail, colorful vibrant","realistic, blurry, low quality, watermark, scary"
Comic Book Style,Cartoon,https://images.unsplash.com/photo-1534528741775-53994a69daeb,12,Bold classic American comic book panel portrait.,"Comic book style portrait, bold black ink outlines, halftone dot shading, vibrant flat colors, action dynamic pose, Marvel and DC inspired","realistic, blurry, low quality, watermark, photography"
Studio Ghibli,Cartoon,https://images.unsplash.com/photo-1554080353-a576cf803bda,12,Step into the magical world of Studio Ghibli.,"Studio Ghibli anime art style, soft hand-painted watercolor, whimsical forest spirit setting, warm muted tones, ultra detailed, gentle atmosphere","realistic, blurry, harsh digital, watermark, dark"
Chibi Character,Cartoon,https://images.unsplash.com/photo-1520813792240-56fc4a3765a7,8,Adorable super-deformed chibi doll version of yourself.,"Chibi character portrait, oversized head tiny body, huge sparkly glittering eyes, pastel candy background, ultra cute, anime chibi style","realistic, blurry, low quality, watermark, normal proportions"
Pixel Art Portrait,Cartoon,https://images.unsplash.com/photo-1472099645785-5658abf4ff4e,8,Retro 16-bit video game pixel art portrait.,"Pixel art portrait, retro 16-bit SNES era sprite style, classic RPG aesthetic, vibrant limited palette pixel colors, detailed sprite work","blurry, low quality, realistic, watermark, 3D rendered"
Classic Cartoon,Cartoon,https://images.unsplash.com/photo-1499557354967-2b2d8910bcca,10,Rubber-hose classic Western animation style.,"Classic 1930s cartoon animation style, bold black outlines, exaggerated rubberhose limbs, expressive gag face, bright primary flat colors","realistic, blurry, low quality, watermark, modern"
Roman Emperor,Historical,https://images.unsplash.com/photo-1561037404-61cd46aa615b,15,Rule the Roman Empire at the height of its glory.,"Roman emperor portrait, marble Colosseum columns, golden laurel crown, imperial toga and armor, cinematic ancient Rome lighting, ultra detailed","blurry, low quality, modern, watermark, cartoon"
Spartan Warrior,Historical,https://images.unsplash.com/photo-1550258987-190a2d41a8ba,15,Stand against impossible odds as a legendary Spartan soldier.,"Spartan warrior, polished bronze Corinthian helmet, hoplon shield, epic Thermopylae battle background, dramatic low sun, ultra detailed, cinematic","blurry, low quality, modern, watermark, cartoon"
Pirate Captain,Historical,https://images.unsplash.com/photo-1516280440614-37939bbacd81,15,Command the seven seas as a feared pirate captain.,"Golden Age pirate captain portrait, treasure galleon deck, tricorn hat, weathered long coat, raging ocean storm, ultra detailed, cinematic","blurry, low quality, modern, watermark, cartoon"
Renaissance Noble,Historical,https://images.unsplash.com/photo-1491528323818-fdd1faba62cc,15,Sit for a portrait as a wealthy Renaissance aristocrat.,"Renaissance noble oil painting portrait, velvet doublet with gold trim, pearl jewelry, dramatic Rembrandt chiaroscuro, ultra realistic, museum masterpiece","blurry, low quality, modern, watermark, cartoon"
Aztec Warrior,Historical,https://images.unsplash.com/photo-1539571696357-5a69c17a67c6,15,Rise as a feared Aztec eagle or jaguar warrior.,"Aztec eagle warrior, ornate feathered headdress, jade and obsidian ornaments, pyramid temple of the sun, tropical dramatic lighting, ultra detailed","blurry, low quality, modern, watermark, cartoon"
Mongol Khan,Historical,https://images.unsplash.com/photo-1568602471122-7832951cc4c5,18,Lead the Mongol horde as a great warrior Khan.,"Mongol Khan portrait, elaborate fur and silk armor, vast Central Asian steppe, battle banner, dramatic cloudy sky, ultra detailed historical masterpiece","blurry, low quality, modern, watermark, cartoon"
Napoleonic General,Historical,https://images.unsplash.com/photo-1508214751196-bcfd4ca60f91,15,Command armies across Europe as a Napoleonic-era general.,"Napoleonic general portrait, ornate military uniform with epaulettes, campaign medals, battlefield cannon smoke, dramatic lighting, ultra realistic historical","blurry, low quality, modern, watermark, cartoon"
Feudal Shogun,Historical,https://images.unsplash.com/photo-1575936123452-b67c3203c357,18,Rule feudal Japan with an iron fist as a mighty shogun.,"Feudal Japanese shogun, elaborate lacquered red-black armor, Mount Fuji and cherry blossoms, traditional castle, ultra detailed cinematic masterpiece","blurry, low quality, modern, watermark, cartoon"
Ancient Warrior Queen,Historical,https://images.unsplash.com/photo-1487412720507-e7ab37603c6f,15,Reign as a fierce queen commanding armies in the ancient world.,"Ancient warrior queen portrait, golden battle crown, stone throne, flowing silk robes, torch-lit palace hall, ultra detailed historical masterpiece","blurry, low quality, modern, watermark, cartoon"
Renaissance Painter,Historical,https://images.unsplash.com/photo-1580489944761-15a19d654956,15,Pose as a subject in an old masters Renaissance painting.,"Renaissance oil painting portrait, classical balanced composition, Rembrandt three-point lighting, rich velvet and silk fabric, ultra detailed, museum quality","blurry, low quality, modern style, watermark, digital"
Zeus God,Mythology,https://images.unsplash.com/photo-1464207687429-7505649dae38,20,Channel the supreme power of the king of the Greek gods.,"Zeus king of Olympian gods, crackling lightning bolts, storm clouds above Mount Olympus, flowing white and gold robes, epic divine scale, ultra detailed","blurry, low quality, modern, watermark, cartoon"
Norse Thor,Mythology,https://images.unsplash.com/photo-1516912481808-3406841bd33c,20,Wield Mjolnir with fury as the Norse god of thunder.,"Thor Norse thunder god, Mjolnir hammer raised, lightning storm vortex, Viking age armor, Bifrost rainbow bridge Asgard, cinematic ultra detailed, masterpiece","blurry, low quality, modern, watermark, cartoon"
Anubis Deity,Mythology,https://images.unsplash.com/photo-1553361371-9b22f78e8b1d,18,Embody the Egyptian god who guards the gates of the afterlife.,"Anubis Egyptian deity portrait, jackal-headed god, Scales of Ma'at justice, underworld Duat temple, gold and jet black palette, ultra detailed, masterpiece","blurry, low quality, modern, watermark, cartoon"
Celtic Druid,Mythology,https://images.unsplash.com/photo-1508214751196-bcfd4ca60f91,15,Harness the power of nature as an ancient Celtic druid.,"Celtic druid high priest portrait, ancient Stonehenge stone circle, staff of oak, glowing runes, misty emerald forest, ultra detailed, cinematic","blurry, low quality, modern, watermark, cartoon"
Poseidon Sea God,Mythology,https://images.unsplash.com/photo-1507525428034-b723cf961d3e,18,Rule the ocean depths as the mighty Greek god of the sea.,"Poseidon god of the sea, golden trident, hurricane-force crashing waves, sea creatures and leviathan, dramatic stormy sky, ultra detailed masterpiece","blurry, low quality, modern, watermark, cartoon"
Valkyrie Warrior,Mythology,https://images.unsplash.com/photo-1438761681033-6461ffad8d80,18,Choose the slain and ride to Valhalla as a Norse Valkyrie.,"Valkyrie warrior goddess, gleaming winged plate armor, Valhalla golden gates, silver spear, fierce determined expression, ultra detailed cinematic masterpiece","blurry, low quality, modern, watermark, cartoon"
Chinese Dragon Emperor,Mythology,https://images.unsplash.com/photo-1517841905240-472988babdf9,20,Embody the celestial power of the legendary Chinese dragon emperor.,"Chinese dragon emperor, imperial five-clawed dragon silk robe, jade throne room, swirling divine dragons, imperial palace, ultra detailed, masterpiece","blurry, low quality, modern, watermark, cartoon"
Aztec Sun God,Mythology,https://images.unsplash.com/photo-1571019613454-1cb2f99b2d8b,18,Radiate the burning power of the Aztec solar deity.,"Aztec sun god Tonatiuh, elaborate gold solar headdress, pyramid Templo Mayor, blazing noon sun, obsidian ritual mask, ultra detailed cinematic","blurry, low quality, modern, watermark, cartoon"
Gothic Fashion,Fashion,https://images.unsplash.com/photo-1534528741775-53994a69daeb,12,Dark romantic gothic haute couture editorial.,"Gothic fashion editorial portrait, black intricate lace gown, dark romantic Victorian setting, candles and roses, dramatic shadow, pale skin, Vogue dark editorial","blurry, low quality, colorful bright, watermark, smiling"
Boho Festival,Fashion,https://images.unsplash.com/photo-1494253109108-2e30c049369b,12,Free-spirited bohemian festival style photography.,"Bohemian festival fashion, hand-woven floral crown, flowy embroidered dress, golden hour sunset light, earthy warm tones, professional outdoor editorial","blurry, low quality, formal business, watermark, dark"
Haute Couture Paris,Fashion,https://images.unsplash.com/photo-1469334031218-e382a71b716b,18,Walk the Paris Fashion Week runway in avant-garde couture.,"Paris haute couture runway, extravagant avant-garde sculptural gown, runway dramatic spotlights, high fashion editorial, magazine cover quality, ultra detailed","blurry, low quality, casual wear, watermark, bad posture"
Vintage 1920s Flapper,Fashion,https://images.unsplash.com/photo-1503185912284-5271ff81b9a8,15,Dance through the Jazz Age as a 1920s flapper.,"1920s flapper fashion, art deco speakeasy setting, feathered headband, beaded sequin drop dress, vintage sepia-warm tones, film noir atmosphere","blurry, low quality, modern clothing, watermark, color"
Punk Rock Style,Fashion,https://images.unsplash.com/photo-1503185912284-5271ff81b9a8,12,Raw and rebellious punk rock aesthetic.,"Punk rock fashion editorial, studded black leather jacket, mohawk hairstyle, concert stage backdrop, edgy attitude, high contrast dramatic photography","blurry, low quality, formal suit, watermark, preppy clean"
Luxury Gala,Fashion,https://images.unsplash.com/photo-1522075469751-3a6694fb2f61,15,Dressed to impress at a high society luxury gala.,"Luxury gala portrait, sparkling crystal ballgown, grand hotel ballroom chandeliers, ultra glamorous, jewels, professional photography, magazine quality","blurry, low quality, casual clothing, watermark, bad lighting"
Summer Runway,Fashion,https://images.unsplash.com/photo-1558618666-fcd25c85cd64,10,Vibrant summer collection runway photoshoot.,"Summer fashion editorial, colorful resort wear collection, tropical beach backdrop, bright natural sun light, professional fashion photography","blurry, low quality, winter, watermark, dark background"
Athleisure Chic,Fashion,https://images.unsplash.com/photo-1571019613454-1cb2f99b2d8b,10,High-end designer sportwear meets everyday luxury.,"Athleisure chic editorial, luxury designer sportswear outfit, minimalist white studio, dynamic athletic pose, ultra detailed editorial photography","blurry, low quality, outdated, watermark, bad posture"
Tech Startup CEO,Professional,https://images.unsplash.com/photo-1472099645785-5658abf4ff4e,10,Silicon Valley tech entrepreneur headshot.,"Tech startup CEO portrait, modern glass open-plan office, smart casual business attire, confident approachable expression, natural window light, professional","blurry, low quality, formal suit, watermark, bad lighting"
Doctor Portrait,Professional,https://images.unsplash.com/photo-1559839734-2b71ea197ec2,8,Authoritative medical professional portrait.,"Medical doctor portrait, crisp white coat, stethoscope around neck, hospital corridor background, confident expression, professional studio photography","blurry, low quality, casual clothing, watermark, bad anatomy"
Lawyer Headshot,Professional,https://images.unsplash.com/photo-1573496359142-b8d87734a5a2,8,Powerful attorney professional portrait.,"Lawyer attorney portrait, sharp formal suit, law library bookshelf background, authoritative confident pose, clean professional lighting","blurry, low quality, casual, watermark, distorted"
Military General,Professional,https://images.unsplash.com/photo-1508214751196-bcfd4ca60f91,12,Distinguished decorated military officer portrait.,"Military general portrait, dress uniform with service medals, formal military pose, patriotic flag background, ultra detailed professional photography","blurry, low quality, casual, watermark, bad posture"
Master Chef,Professional,https://images.unsplash.com/photo-1583394293214-0b3a99816a72,8,Award-winning executive chef in their kitchen domain.,"Executive chef portrait, pristine white chef coat and tall toque, gourmet restaurant kitchen, confident arms-crossed pose, dramatic culinary lighting","blurry, low quality, casual clothing, watermark, messy"
Airline Pilot,Professional,https://images.unsplash.com/photo-1551244072-5d12893278bc,10,Professional airline captain in the cockpit.,"Airline pilot captain portrait, formal uniform and gold-braided cap, cockpit instrument panel background, confident expression, professional photography","blurry, low quality, casual, watermark, distorted"
Sports Coach,Professional,https://images.unsplash.com/photo-1546961342-ea5f60b193ca,8,Elite motivational head coach portrait.,"Head sports coach portrait, athletic training wear, stadium arena background, motivational powerful pose, natural sports lighting, professional photography","blurry, low quality, formal suit, watermark, static pose"
Rock Star,Entertainment,https://images.unsplash.com/photo-1493225457124-a3eb161ffa5f,15,Iconic rock music legend on stage.,"Rock star portrait, electric guitar in hand, sold-out arena concert stage, smoke machine effects and spotlights, leather jacket, ultra detailed, cinematic","blurry, low quality, quiet setting, watermark, casual"
Hip Hop Artist,Entertainment,https://images.unsplash.com/photo-1547153760-18fc86324498,15,Chart-topping hip hop music artist portrait.,"Hip hop artist portrait, urban skyline backdrop, diamond chain jewelry, streetwear, confident swagger pose, dramatic studio lighting, ultra detailed","blurry, low quality, formal, watermark, suburban"
Classical Musician,Entertainment,https://images.unsplash.com/photo-1507838153414-b4b713384a76,12,World-renowned classical orchestra performer.,"Classical musician portrait, grand concert hall stage, formal black concert attire, instrument held, dramatic stage lighting, ultra detailed professional portrait","blurry, low quality, casual, watermark, bad posture"
Broadway Star,Entertainment,https://images.unsplash.com/photo-1516280440614-37939bbacd81,15,Dazzling Broadway musical theater performer.,"Broadway musical star, elaborate stage costume, theatrical footlights, dramatic expressive performance pose, glamour and grandeur, ultra detailed, cinematic","blurry, low quality, casual, watermark, sad"
DJ Producer,Entertainment,https://images.unsplash.com/photo-1571019613454-1cb2f99b2d8b,12,Electric nightclub DJ headlining a massive festival.,"DJ producer portrait, packed festival stage, laser light show, CDJ mixing decks, crowd energy, neon atmosphere, ultra detailed, cinematic","blurry, low quality, quiet, watermark, daytime park"
Film Director,Entertainment,https://images.unsplash.com/photo-1547425260-76bcadfb4f2c,15,Visionary Hollywood film director on set.,"Hollywood film director portrait, movie set backstage, director viewfinder, clapperboard, cinematic behind-the-scenes lighting, professional portrait","blurry, low quality, casual, watermark, distorted"
Stand-up Comedian,Entertainment,https://images.unsplash.com/photo-1527980965255-d3b416303d12,12,Stand-up comedian commanding the stage.,"Stand-up comedian portrait, comedy club brick wall stage, single spotlight, microphone in hand, charismatic mid-joke expression, ultra detailed, cinematic","blurry, low quality, sad, watermark, crowd visible"
Black & White Classic,Photography,https://images.unsplash.com/photo-1531746020798-e6953c6e8e04,10,Timeless high-contrast black and white photography.,"Classic black and white portrait, film photography aesthetic, high contrast dramatic shadows, deep blacks, fine grain texture, Ansel Adams inspired masterpiece","color, blurry, low quality, watermark, digital clean"
Golden Hour Glow,Photography,https://images.unsplash.com/photo-1499996860823-5214fcc65f8f,10,Warm magical golden sunset portrait photography.,"Golden hour portrait, warm rich orange and amber tones, soft rim backlight halo effect, bokeh background, cinematic outdoor photography, ultra detailed","blurry, low quality, harsh midday, watermark, indoor studio"
Rain Mood Portrait,Photography,https://images.unsplash.com/photo-1493246507139-91e8fad9978e,12,Moody evocative rainy day street portrait.,"Rainy day portrait, wet glistening city streets, umbrella, moody atmospheric grey lighting, shallow focus bokeh, cinematic melancholic photography","blurry, low quality, sunny weather, watermark, fake rain"
Urban Street Style,Photography,https://images.unsplash.com/photo-1504257432389-52343af06ae3,10,Raw gritty urban street photography portrait.,"Urban street photography portrait, authentic city environment, natural candid lighting, documentary street style, gritty realistic texture, ultra detailed","blurry, low quality, studio backdrop, watermark, posed stiff"
Studio Glamour,Photography,https://images.unsplash.com/photo-1524504388940-b1c1722653e1,15,High-end studio glamour beauty photography.,"Glamour photography portrait, professional studio, clamshell beauty lighting setup, dramatic eye shadow, high-end beauty retouching quality, ultra detailed","blurry, low quality, outdoor, watermark, casual lighting"
Vintage Film Grain,Photography,https://images.unsplash.com/photo-1495366691023-cc4eadcc2d7e,8,Nostalgic analog vintage film photography.,"Vintage film photography portrait, heavy authentic film grain, faded analog colors, 1970s color palette, warm analog chemical tones, timeless classic","blurry, low quality, clean digital, watermark, sharp modern"
Nature Portrait,Photography,https://images.unsplash.com/photo-1488426862026-3ee34a7d66df,10,Serene portrait immersed in natural environment.,"Nature portrait, lush green old-growth forest, soft dappled golden sunlight, botanical flowers and ferns, serene peaceful atmosphere, ultra detailed, cinematic","blurry, low quality, urban background, watermark, harsh light"
Zombie Survivor,Horror,https://images.unsplash.com/photo-1558618666-fcd25c85cd64,15,Surviving the apocalypse in a world overrun by zombies.,"Zombie apocalypse survivor portrait, torn and bloodied clothing, intense survival eyes, destroyed city ruins background, dramatic post-apocalyptic lighting, ultra detailed","blurry, low quality, clean tidy, watermark, happy smiling"
Halloween Witch,Horror,https://images.unsplash.com/photo-1516912481808-3406841bd33c,12,Classic Halloween witch casting spells under the moon.,"Halloween witch portrait, tall pointed black hat, moonlit pumpkin patch, bubbling cauldron, green magic sparks, dark mystical forest, ultra detailed, spooky","blurry, low quality, modern setting, watermark, daytime bright"
Haunted Ghost,Horror,https://images.unsplash.com/photo-1478720568477-152d9b164e26,10,An ethereal spirit haunting a Victorian mansion.,"Haunted ghost portrait, semi-translucent ethereal spirit, misty haunted Victorian mansion hallway, eerie cold moonlight, ultra detailed, atmospheric horror","blurry, low quality, solid opaque, watermark, sunny day"
Werewolf Moon,Horror,https://images.unsplash.com/photo-1489424731084-a5d8b219a5bb,15,Transform under the blood moon as a terrifying werewolf.,"Werewolf transformation portrait, full blood moon, dark primeval forest, torn clothes mid-transformation, dramatic horror shadows, ultra detailed cinematic masterpiece","blurry, low quality, daytime, watermark, cartoon cute"
Dark Witch Queen,Horror,https://images.unsplash.com/photo-1502685104226-ee32379fefbe,12,Powerful dark magic witch queen ruling her cursed domain.,"Dark witch queen portrait, obsidian thorned crown, shadow and black flame magic, gothic castle throne, ravens circling, ultra detailed, cinematic horror","blurry, low quality, bright cheerful, watermark, friendly"
Basketball Legend,Sports,https://images.unsplash.com/photo-1546961342-ea5f60b193ca,12,NBA-level basketball superstar portrait.,"Basketball player portrait, NBA arena hardwood court, dramatic spotlights, athletic uniform, dynamic explosive action pose, ultra detailed, cinematic sports","blurry, low quality, static pose, watermark, outdoor casual"
Soccer Champion,Sports,https://images.unsplash.com/photo-1471295253337-3ceaaedca402,12,World Cup football champion glory portrait.,"Soccer football champion portrait, packed stadium setting, national team jersey, golden trophy, victory celebration, dramatic stadium lighting, ultra detailed","blurry, low quality, static, watermark, empty stadium"
Boxing Fighter,Sports,https://images.unsplash.com/photo-1549924231-f129b911e442,12,Elite professional boxing champion in the ring.,"Professional boxer portrait, red boxing gloves raised, spotlight boxing ring, intense warrior expression, sweat and determination, dramatic shadows, ultra detailed","blurry, low quality, peaceful, watermark, casual street"
Tennis Pro,Sports,https://images.unsplash.com/photo-1554068865-24cecd4e34b8,10,Wimbledon-level tennis champion serving for the title.,"Professional tennis player portrait, Centre Court grass setting, white tennis racket raised, athletic whites, dynamic serve pose, natural sunlight, ultra detailed","blurry, low quality, static, watermark, indoor gym"
Olympic Swimmer,Sports,https://images.unsplash.com/photo-1530549387789-4c1017266635,12,Olympic gold medal swimmer breaking world records.,"Olympic swimmer portrait, competition pool lane, racing goggles cap and suit, starting block, water explosion action, dramatic sports lighting, ultra detailed","blurry, low quality, static, watermark, dry land"
Oil Painting Master,Art Styles,https://images.unsplash.com/photo-1579783902614-a3fb3927b6a5,15,Classic old masters oil painting portrait.,"Oil painting portrait, old masters technique, impasto texture visible, Rembrandt three-point dramatic lighting, rich earthy palette, museum-quality masterpiece","blurry, low quality, modern digital, watermark, flat"
Watercolor Dream,Art Styles,https://images.unsplash.com/photo-1558618666-fcd25c85cd64,12,Delicate luminous watercolor painting portrait.,"Watercolor portrait painting, soft flowing wet-on-wet colors, white paper showing through, loose artistic brush strokes, dreamy pastel harmony, fine art quality","blurry, low quality, harsh digital, watermark, oil paint"
Pop Art Portrait,Art Styles,https://images.unsplash.com/photo-1541961017774-22349e4a1262,12,Andy Warhol inspired bold pop art portrait.,"Pop art portrait, Warhol silkscreen style, bold flat graphic colors, halftone dot pattern, high-contrast graphic design, iconic pop culture aesthetic, masterpiece","realistic, blurry, low quality, watermark, muted subtle"
Impressionist Monet,Art Styles,https://images.unsplash.com/photo-1579783901586-d88db74b4fe4,15,Claude Monet-style impressionist painted portrait.,"Impressionist painting portrait, Monet plein air style, loose visible comma brushstrokes, soft dappled garden light, water lily pond setting, fine art masterpiece","blurry, low quality, digital, watermark, sharp hard edges"
Baroque Grandeur,Art Styles,https://images.unsplash.com/photo-1507003211169-0a1dd7228f2d,15,Lavish Baroque era painted portrait with dramatic lighting.,"Baroque portrait painting, dramatic Caravaggio chiaroscuro, gilded ornate frame, rich velvet and silk fabrics, pearls and jewels, old masters quality masterpiece","blurry, low quality, modern, watermark, flat even lighting"
Cubism Abstract,Art Styles,https://images.unsplash.com/photo-1564679177483-8a55d15f68ec,12,Abstract Picasso-inspired cubist portrait.,"Cubist portrait painting, Picasso analytical cubism style, geometric fragmented planes and forms, multiple viewpoints simultaneously, art historical masterpiece","realistic, blurry, low quality, watermark, photography"
Fine Ink Sketch,Art Styles,https://images.unsplash.com/photo-1516280440614-37939bbacd81,10,Highly detailed fine ink pen portrait sketch.,"Fine ink sketch portrait, precise pen line work, intricate cross-hatching shading technique, white paper texture visible, artist studio, ultra detailed draughtsmanship","blurry, low quality, color, watermark, photography"
Queen Royal,Royalty,https://images.unsplash.com/photo-1487412720507-e7ab37603c6f,18,Regal queen adorned with crown and priceless jewels.,"Royal queen portrait, diamond and ruby crown, gilded throne room, full silk ball gown, golden scepter, ultra detailed, cinematic royal portrait masterpiece","blurry, low quality, casual, watermark, deformed"
Prince Charming,Royalty,https://images.unsplash.com/photo-1568602471122-7832951cc4c5,15,Dashing royal prince in ceremonial dress.,"Royal prince portrait, grand palace interior, military dress uniform, service medals and sash, noble confident pose, ultra detailed, cinematic royal portrait","blurry, low quality, casual, watermark, deformed face"
Imperial Empress,Royalty,https://images.unsplash.com/photo-1580489944761-15a19d654956,18,Majestic empress commanding a vast empire.,"Imperial empress portrait, elaborate jeweled crown, ermine-trimmed royal robes, palace throne room gold columns, divine golden light, ultra detailed masterpiece","blurry, low quality, casual, watermark, simple plain"
